{
  "uas":91.7226238412,
  "las":89.838878402,
  "ents_p":85.6222222222,
  "ents_r":86.1342424412,
  "ents_f":85.8774691444,
  "tags_acc":97.1103903351,
  "token_acc":99.8609203297
}